{
  "framework_name": "Amplitude.framework",
  "static_framework": false,
  "resources": [
    "${PODS_ROOT}/Amplitude/Sources/Resources/ComodoRsaDomainValidationCA.der"
  ],
  "resource_bundles": [

  ],
  "build_settings": {
    "CLANG_ENABLE_OBJC_WEAK": "NO",
    "CODE_SIGN_IDENTITY[sdk=appletvos*]": "",
    "CODE_SIGN_IDENTITY[sdk=iphoneos*]": "",
    "CODE_SIGN_IDENTITY[sdk=watchos*]": "",
    "CURRENT_PROJECT_VERSION": "1",
    "DYLIB_COMPATIBILITY_VERSION": "1",
    "DYLIB_CURRENT_VERSION": "1",
    "DYLIB_INSTALL_NAME_BASE": "@rpath",
    "GCC_PREFIX_HEADER": "Target Support Files/Amplitude/Amplitude-prefix.pch",
    "INFOPLIST_FILE": "Target Support Files/Amplitude/Amplitude-Info.plist",
    "INSTALL_PATH": "$(LOCAL_LIBRARY_DIR)/Frameworks",
    "IPHONEOS_DEPLOYMENT_TARGET": "10.0",
    "LD_RUNPATH_SEARCH_PATHS": "$(inherited) @executable_path/Frameworks @loader_path/Frameworks",
    "MODULEMAP_FILE": "Target Support Files/Amplitude/Amplitude.modulemap",
    "PRODUCT_MODULE_NAME": "Amplitude",
    "PRODUCT_NAME": "Amplitude",
    "SDKROOT": "iphoneos",
    "SKIP_INSTALL": "YES",
    "SWIFT_ACTIVE_COMPILATION_CONDITIONS": "$(inherited) ",
    "SWIFT_VERSION": "5",
    "TARGETED_DEVICE_FAMILY": "1,2",
    "VERSIONING_SYSTEM": "apple-generic",
    "VERSION_INFO_PREFIX": ""
  },
  "source_hash": null,
  "project_root": "/Users/polzovatel/mobilebank-ios/https:/github.com"
}